,0,1,2
0,20180413100649,848676.0,25914.376088939999999962
1,20180413100652,848679.01,25914.376088939999999962
2,20180413100653,848682.0,25914.376088939999999962
3,20180413100654,848684.01,25914.376088939999999962
4,20180413100655,848688.0,25914.376088939999999962
5,20180413100656,848689.01,25914.376088939999999962
6,20180413100657,848689.01,25914.376088939999999962
7,20180413100658,848693.01,25914.376088939999999962
8,20180413100701,848697.0,25914.376088939999999962
9,20180413100702,848698.0,25914.376088939999999962
10,20180413100703,848699.0,25914.376088939999999962
11,20180413100705,848704.0,25914.376088939999999962
12,20180413100706,848705.0,25914.376088939999999962
13,20180413100708,848709.0,25914.376088939999999962
14,20180413100710,848712.0,25914.376088939999999962
15,20180413100713,848715.0,25914.376088939999999962
16,20180413100715,848718.0,25914.376088939999999962
17,20180413100716,848720.0,25914.376088939999999962
18,20180413100717,848722.02,25914.376088939999999962
19,20180413100718,848727.02,25914.376088939999999962
20,20180413100719,848727.04,25914.376088939999999962
21,20180413100721,848728.0,25914.376088939999999962
22,20180413100723,848721.0,25914.376088939999999962
23,20180413100724,848722.0,25914.376088939999999962
24,20180413100726,848725.0,25914.376088939999999962
25,20180413100728,848726.0,25914.376088939999999962
26,20180413100729,848348.0,25914.376088939999999962
27,20180413100731,848358.0,25914.376088939999999962
28,20180413100733,848365.0,25914.376088939999999962
29,20180413100734,848363.1,25914.376088939999999962
30,20180413100737,848369.0,25914.376088939999999962
31,20180413100738,848375.0,25914.376088939999999962
32,20180413100739,848378.0,25914.376088939999999962
33,20180413100741,848384.0,25914.376088939999999962
34,20180413100742,848384.01,25914.376088939999999962
35,20180413100744,848390.03,25914.376088939999999962
36,20180413100746,848392.08,25914.376088939999999962
37,20180413100748,848394.11,25914.376088939999999962
38,20180413100749,848394.12,25914.376088939999999962
39,20180413100751,848402.13,25914.376088939999999962
40,20180413100753,848404.15,25914.376088939999999962
41,20180413100755,848408.17,25914.376088939999999962
42,20180413100757,848410.17,25914.376088939999999962
43,20180413100758,848412.19,25914.376088939999999962
44,20180413100801,848418.22,25914.376088939999999962
45,20180413100802,848418.22,25914.376088939999999962
46,20180413100803,848362.99995,25914.376088939999999962
47,20180413100804,848362.99995,25914.376088939999999962
48,20180413100805,848365.00995,25914.376088939999999962
49,20180413100806,848362.99995,25914.376088939999999962
50,20180413100808,848362.99995,25914.376088939999999962
51,20180413100810,848362.99995,25914.376088939999999962
52,20180413100811,848362.99995,25914.376088939999999962
53,20180413100812,848362.99995,25914.376088939999999962
54,20180413100813,848362.99995,25914.376088939999999962
55,20180413100814,848362.99995,25914.376088939999999962
56,20180413100816,848010.0,25914.376088939999999962
57,20180413100818,848010.0,25914.376088939999999962
58,20180413100820,848012.0,25914.376088939999999962
59,20180413100823,848012.0,25914.376088939999999962
60,20180413100824,848012.0,25914.376088939999999962
61,20180413100825,848012.0,25914.376088939999999962
62,20180413100827,848012.0,25914.376088939999999962
63,20180413100828,848012.0,25914.376088939999999962
64,20180413100829,848012.0,25914.376088939999999962
65,20180413100831,848013.0,25914.376088939999999962
66,20180413100833,848014.77,25914.376088939999999962
67,20180413100835,848311.48,25914.376088939999999962
68,20180413100836,848314.0,25914.376088939999999962
69,20180413100838,848318.02,25914.376088939999999962
70,20180413100840,848324.04,25914.376088939999999962
71,20180413100842,848328.04,25914.376088939999999962
72,20180413100844,848118.18,25914.376088939999999962
73,20180413100847,848103.72,25914.376088939999999962
74,20180413100848,848105.72,25914.376088939999999962
75,20180413100849,848000.0,25914.376088939999999962
76,20180413100851,848111.72,25914.376088939999999962
77,20180413100853,848000.0,25914.376088939999999962
78,20180413100855,848000.0,25914.376088939999999962
79,20180413100858,847611.72,25914.376088939999999962
80,20180413100859,847900.0,25914.376088939999999962
81,20180413100900,847363.0,25914.376088939999999962
82,20180413100901,847365.0,25914.376088939999999962
83,20180413100902,847365.0,25914.376088939999999962
84,20180413100904,847366.0,25914.376088939999999962
85,20180413100906,847366.0,25914.376088939999999962
86,20180413100907,847366.0,25914.376088939999999962
87,20180413100909,847342.0,25914.376088939999999962
88,20180413100911,847342.0,25914.376088939999999962
89,20180413100912,847342.0,25914.376088939999999962
90,20180413100913,847342.0,25914.376088939999999962
91,20180413100914,846842.0,25914.376088939999999962
92,20180413100915,846846.0,25914.376088939999999962
93,20180413100917,846852.0,25914.376088939999999962
94,20180413100918,846856.0,25914.376088939999999962
95,20180413100921,846856.01,25914.376088939999999962
96,20180413100923,846859.03,25914.376088939999999962
97,20180413100925,846849.0,25914.376088939999999962
98,20180413100926,846358.0,25914.376088939999999962
99,20180413100928,846364.0,25914.376088939999999962
100,20180413100930,846370.0,25914.376088939999999962
101,20180413100931,846372.0,25914.376088939999999962
102,20180413100933,846372.0,25914.376088939999999962
103,20180413100935,846356.03,25914.376088939999999962
104,20180413100937,846355.02995,25914.376088939999999962
105,20180413100938,846355.02995,25914.376088939999999962
106,20180413100940,846356.02995,25914.376088939999999962
107,20180413100941,846356.02995,25914.376088939999999962
108,20180413100942,846356.02995,25914.376088939999999962
109,20180413100944,846356.02995,25914.376088939999999962
110,20180413100946,846357.12995,25914.376088939999999962
111,20180413100948,846000.0,25914.376088939999999962
112,20180413100949,845500.0,25914.376088939999999962
113,20180413100950,845504.0,25914.376088939999999962
114,20180413100952,845506.0,25914.376088939999999962
115,20180413100954,845500.0,25914.376088939999999962
116,20180413100956,845190.0,25914.376088939999999962
117,20180413100959,845196.0,25914.376088939999999962
118,20180413101000,845200.0,25914.376088939999999962
119,20180413101002,845202.0,25914.376088939999999962
120,20180413101004,844704.0,25914.376088939999999962
121,20180413101005,844706.1,25914.376088939999999962
122,20180413101007,844706.1,25914.376088939999999962
123,20180413101008,844702.0,25914.376088939999999962
124,20180413101011,844202.0,25914.376088939999999962
125,20180413101012,844202.01,25914.376088939999999962
126,20180413101014,844312.0,25914.376088939999999962
127,20180413101015,844313.0,25914.376088939999999962
128,20180413101017,844314.12,25914.376088939999999962
129,20180413101018,844314.12,25914.376088939999999962
130,20180413101020,844316.12,25914.376088939999999962
131,20180413101022,844320.1,25914.376088939999999962
132,20180413101024,844327.12,25914.376088939999999962
133,20180413101026,844871.44,25914.376088939999999962
134,20180413101027,844892.0,25914.376088939999999962
135,20180413101029,844894.02,25914.376088939999999962
136,20180413101031,844894.02,25914.376088939999999962
137,20180413101033,844896.05,25914.376088939999999962
138,20180413101035,844897.05,25914.376088939999999962
139,20180413101036,844901.063,25914.376088939999999962
140,20180413101037,844905.063,25914.376088939999999962
141,20180413101038,844909.063,25914.376088939999999962
142,20180413101039,845098.04,25914.376088939999999962
143,20180413101040,845098.04,25914.376088939999999962
144,20180413101041,845099.0,25914.376088939999999962
145,20180413101042,845100.0,25914.376088939999999962
146,20180413101044,845101.02,25914.376088939999999962
147,20180413101045,845104.04,25914.376088939999999962
148,20180413101047,845548.0,25914.376088939999999962
149,20180413101049,845598.17,25914.376088939999999962
150,20180413101050,845601.19,25914.376088939999999962
151,20180413101053,845607.04,25914.376088939999999962
152,20180413101055,845615.07,25914.376088939999999962
153,20180413101057,845623.11,25914.376088939999999962
154,20180413101100,845629.11,25914.376088939999999962
155,20180413101101,845633.2,25914.376088939999999962
156,20180413101102,845637.1,25914.376088939999999962
157,20180413101104,846065.41,25914.376088939999999962
158,20180413101106,846066.0,25914.376088939999999962
159,20180413101108,846068.0,25914.376088939999999962
160,20180413101109,846070.01001,25914.376088939999999962
161,20180413101111,846071.0,25914.376088939999999962
162,20180413101113,845571.438,25914.376088939999999962
163,20180413101116,845808.0,25914.376088939999999962
164,20180413101117,845806.66,25914.376088939999999962
165,20180413101118,845808.0,25914.376088939999999962
166,20180413101119,845806.66,25914.376088939999999962
167,20180413101121,846052.0,25914.376088939999999962
168,20180413101123,846052.01,25914.376088939999999962
169,20180413101125,846052.0,25914.376088939999999962
170,20180413101126,846253.0,25914.376088939999999962
171,20180413101128,846258.0,25914.376088939999999962
172,20180413101130,846263.0,25914.376088939999999962
173,20180413101131,846497.02,25914.376088939999999962
174,20180413101133,846499.0,25914.376088939999999962
175,20180413101135,846497.02,25914.376088939999999962
176,20180413101136,846497.02,25914.376088939999999962
177,20180413101137,846498.0,25914.376088939999999962
178,20180413101138,846498.0,25914.376088939999999962
179,20180413101141,846329.02,25914.376088939999999962
180,20180413101142,846271.02,25914.376088939999999962
181,20180413101144,846281.0,25914.376088939999999962
182,20180413101146,846289.0,25914.376088939999999962
183,20180413101147,846293.0,25914.376088939999999962
184,20180413101149,846299.0,25911.705841499999999962
185,20180413101152,846306.0,25911.705841499999999962
186,20180413101154,846307.02,25911.705841499999999962
187,20180413101156,846179.938,25911.705841499999999962
188,20180413101158,846189.938,25911.705841499999999962
189,20180413101159,846193.938,25911.705841499999999962
190,20180413101202,846200.938,25911.705841499999999962
191,20180413101203,846204.938,25911.705841499999999962
192,20180413101204,846208.938,25911.705841499999999962
193,20180413101206,846212.938,25911.705841499999999962
194,20180413101207,846217.938,25911.705841499999999962
195,20180413101209,845937.02,25911.705841499999999962
196,20180413101210,845827.5,25911.705841499999999962
197,20180413101211,845941.1,25911.705841499999999962
198,20180413101212,845941.1,25911.705841499999999962
199,20180413101215,845786.0,25911.705841499999999962
200,20180413101216,845704.0,25911.705841499999999962
201,20180413101218,845708.0,25911.705841499999999962
202,20180413101221,845711.0,25911.705841499999999962
203,20180413101222,845712.0,25911.705841499999999962
204,20180413101224,845716.0,25911.705841499999999962
205,20180413101225,845721.0,25911.705841499999999962
206,20180413101228,845724.0,25911.705841499999999962
207,20180413101229,845704.0,25911.705841499999999962
208,20180413101230,845728.0,25911.705841499999999962
209,20180413101232,845730.0,25911.705841499999999962
210,20180413101233,845732.0,25911.705841499999999962
211,20180413101234,845734.0,25911.705841499999999962
212,20180413101235,845735.0,25911.705841499999999962
213,20180413101236,845737.0,25911.705841499999999962
214,20180413101238,845738.0,25911.705841499999999962
215,20180413101240,845739.0,25911.705841499999999962
216,20180413101241,845723.99995,25911.705841499999999962
217,20180413101244,845234.0,25911.705841499999999962
218,20180413101246,845512.438,25911.705841499999999962
219,20180413101248,845521.43,25911.705841499999999962
220,20180413101250,845522.43,25911.705841499999999962
221,20180413101252,845524.43,25911.705841499999999962
222,20180413101254,845527.0,25911.705841499999999962
223,20180413101255,845527.12,25911.705841499999999962
224,20180413101257,845530.24,25911.705841499999999962
225,20180413101259,845534.37,25911.705841499999999962
226,20180413101301,845536.49,25911.705841499999999962
227,20180413101303,845912.0,25911.705841499999999962
228,20180413101305,845542.5,25911.705841499999999962
229,20180413101306,845645.58,25911.705841499999999962
230,20180413101307,845647.58,25911.705841499999999962
231,20180413101310,845648.68,25911.705841499999999962
232,20180413101311,845649.68,25911.705841499999999962
233,20180413101313,845650.68001,25911.705841499999999962
234,20180413101314,845650.68001,25911.705841499999999962
235,20180413101315,845651.68001,25911.705841499999999962
236,20180413101317,845651.68001,25911.705841499999999962
237,20180413101318,845653.0,25911.705841499999999962
238,20180413101320,845654.0,25911.705841499999999962
239,20180413101322,845656.1,25911.705841499999999962
240,20180413101323,845657.1,25911.705841499999999962
241,20180413101325,845921.0,25911.705841499999999962
242,20180413101328,845923.02,25911.705841499999999962
243,20180413101330,845926.04,25911.705841499999999962
244,20180413101332,845927.04,25911.705841499999999962
245,20180413101334,845931.1,25911.705841499999999962
246,20180413101337,845935.12,25911.705841499999999962
247,20180413101339,845938.14,25911.705841499999999962
248,20180413101341,845942.16,25911.705841499999999962
249,20180413101342,845945.18,25911.705841499999999962
250,20180413101344,846219.0,25911.705841499999999962
251,20180413101347,846221.0,25911.705841499999999962
252,20180413101349,846223.0,25911.705841499999999962
253,20180413101350,846224.0,25911.705841499999999962
254,20180413101353,846226.0,25911.705841499999999962
255,20180413101355,846226.02,25911.705841499999999962
256,20180413101357,846333.33,25911.705841499999999962
257,20180413101407,846225.0,25911.705841499999999962
258,20180413101409,846345.01,25911.705841499999999962
259,20180413101412,846349.03,25911.705841499999999962
260,20180413101413,846355.0,25911.705841499999999962
261,20180413101416,846365.0,25911.705841499999999962
262,20180413101418,846369.03,25911.705841499999999962
263,20180413101419,846378.0,25911.705841499999999962
264,20180413101420,846382.02,25911.705841499999999962
265,20180413101422,846384.0,25911.705841499999999962
266,20180413101425,846397.1,25911.705841499999999962
267,20180413101426,846401.12,25911.705841499999999962
268,20180413101429,846411.1,25911.705841499999999962
269,20180413101431,846438.0,25911.705841499999999962
270,20180413101433,846445.0,25911.705841499999999962
271,20180413101435,846456.1,25911.705841499999999962
272,20180413101438,846467.0,25911.705841499999999962
273,20180413101439,846471.02,25911.705841499999999962
274,20180413101441,846478.0,25911.705841499999999962
275,20180413101443,846488.0,25911.705841499999999962
276,20180413101444,846493.0,25911.705841499999999962
277,20180413101447,846504.0,25911.705841499999999962
278,20180413101449,846512.1,25911.705841499999999962
279,20180413101451,846517.0,25911.705841499999999962
280,20180413101453,846528.0,25911.705841499999999962
281,20180413101456,846536.12,25911.705841499999999962
282,20180413101457,846543.1,25911.705841499999999962
283,20180413101459,846547.1,25911.705841499999999962
284,20180413101500,846553.12,25911.705841499999999962
285,20180413101503,846576.0,25911.705841499999999962
286,20180413101506,846587.0,25911.705841499999999962
287,20180413101508,846592.0,25911.705841499999999962
288,20180413101510,846604.0,25911.705841499999999962
289,20180413101512,846611.0,25911.705841499999999962
290,20180413101514,846616.0,25911.705841499999999962
291,20180413101515,846620.0,25911.705841499999999962
292,20180413101517,846625.0,25911.705841499999999962
293,20180413101518,846633.0,25911.705841499999999962
294,20180413101520,846639.02,25911.705841499999999962
295,20180413101521,846644.02,25911.705841499999999962
296,20180413101524,846651.0,25911.705841499999999962
297,20180413101525,846653.11,25911.705841499999999962
298,20180413101527,846659.1,25911.705841499999999962
299,20180413101529,846665.0,25911.705841499999999962
300,20180413101532,846668.0,25911.705841499999999962
301,20180413101534,846664.01995,25911.705841499999999962
302,20180413101536,846666.02995,25911.705841499999999962
303,20180413101539,846594.0,25911.705841499999999962
304,20180413101540,846600.0,25911.705841499999999962
305,20180413101542,846604.0,25911.705841499999999962
306,20180413101544,846571.0,25911.705841499999999962
307,20180413101545,846610.0,25911.705841499999999962
308,20180413101547,846571.0,25911.705841499999999962
309,20180413101549,846579.0,25911.705841499999999962
310,20180413101551,846585.0,25911.705841499999999962
311,20180413101553,846586.0,25911.705841499999999962
312,20180413101555,846570.0,25911.705841499999999962
313,20180413101558,846570.0,25911.705841499999999962
314,20180413101559,846570.0,25911.705841499999999962
315,20180413101601,846570.0,25911.705841499999999962
316,20180413101604,846570.0,25911.705841499999999962
317,20180413101606,846570.0,25911.705841499999999962
318,20180413101608,846570.0,25911.705841499999999962
319,20180413101609,846570.0,25911.705841499999999962
320,20180413101610,846570.0,25911.705841499999999962
321,20180413101613,846570.0,25911.705841499999999962
322,20180413101615,846570.0,25911.705841499999999962
323,20180413101616,846570.0,25911.705841499999999962
324,20180413101617,846570.0,25911.705841499999999962
325,20180413101619,846224.0,25911.705841499999999962
326,20180413101621,846225.0,25911.705841499999999962
327,20180413101623,846225.0,25911.705841499999999962
328,20180413101624,846226.1,25911.705841499999999962
329,20180413101626,845815.0,25911.705841499999999962
330,20180413101627,845819.0,25911.705841499999999962
331,20180413101630,845827.0,25911.705841499999999962
332,20180413101631,845831.0,25911.705841499999999962
333,20180413101632,845833.0,25911.705841499999999962
334,20180413101634,845839.0,25911.705841499999999962
335,20180413101635,845843.0,25911.705841499999999962
336,20180413101638,845853.0,25911.705841499999999962
337,20180413101640,845860.0,25911.705841499999999962
338,20180413101641,845866.0,25911.705841499999999962
339,20180413101642,845869.0,25911.705841499999999962
340,20180413101644,845878.0,25911.705841499999999962
341,20180413101647,846224.0,25911.705841499999999962
342,20180413101648,846228.0,25911.705841499999999962
343,20180413101649,846233.0,25911.705841499999999962
344,20180413101652,846241.0,26049.617752359999999962
345,20180413101654,846249.0,26049.617752359999999962
346,20180413101655,846350.12,26049.617752359999999962
347,20180413101658,846356.12,26049.617752359999999962
348,20180413101700,846362.25,26049.617752359999999962
349,20180413101701,846366.25,26049.617752359999999962
350,20180413101703,846374.25,26049.617752359999999962
351,20180413101705,846380.25,26049.617752359999999962
352,20180413101706,846385.0,26049.617752359999999962
353,20180413101709,846394.25,26049.617752359999999962
354,20180413101711,846400.27,26049.617752359999999962
355,20180413101712,846405.27,26049.617752359999999962
356,20180413101714,846410.28,26049.617752359999999962
357,20180413101716,846416.31,26049.617752359999999962
358,20180413101718,846421.02,26049.617752359999999962
359,20180413101720,846426.04,26049.617752359999999962
360,20180413101722,846426.05,26049.617752359999999962
361,20180413101723,846428.0,26049.617752359999999962
362,20180413101724,846432.02,26049.617752359999999962
363,20180413101725,846435.04,26049.617752359999999962
364,20180413101727,846441.07,26049.617752359999999962
365,20180413101729,846444.0,26049.617752359999999962
366,20180413101731,846452.14,26049.617752359999999962
367,20180413101734,846455.03,26049.617752359999999962
368,20180413101736,846457.03,26049.617752359999999962
369,20180413101738,846463.02,26049.617752359999999962
370,20180413101740,846469.19,26049.617752359999999962
371,20180413101742,846469.19,26049.617752359999999962
372,20180413101744,846472.22,26049.617752359999999962
373,20180413101746,846475.24,26049.617752359999999962
374,20180413101749,846277.87,26049.617752359999999962
375,20180413101751,846285.0,26049.617752359999999962
376,20180413101752,846289.0,26049.617752359999999962
377,20180413101753,846293.0,26049.617752359999999962
378,20180413101755,846301.0,26049.617752359999999962
379,20180413101756,846306.0,26049.617752359999999962
380,20180413101757,846310.0,26049.617752359999999962
381,20180413101800,846318.0,26049.617752359999999962
382,20180413101801,846323.0,26049.617752359999999962
383,20180413101802,846328.0,26049.617752359999999962
384,20180413101804,846333.1,26049.617752359999999962
385,20180413101806,846337.12,26049.617752359999999962
386,20180413101807,846337.13,26049.617752359999999962
387,20180413101810,846338.0,26049.617752359999999962
388,20180413101812,846338.0,26049.617752359999999962
389,20180413101813,846222.2,26049.617752359999999962
390,20180413101815,846222.34,26049.617752359999999962
391,20180413101817,846223.34,26049.617752359999999962
392,20180413101819,846224.12,26049.617752359999999962
393,20180413101820,846226.24,26049.617752359999999962
394,20180413101823,846229.26,26049.617752359999999962
395,20180413101824,846233.28,26049.617752359999999962
396,20180413101825,846235.28,26049.617752359999999962
397,20180413101826,846236.28,26049.617752359999999962
398,20180413101827,846240.3,26049.617752359999999962
399,20180413101829,846244.0,26049.617752359999999962
400,20180413101830,846248.01,26049.617752359999999962
401,20180413101832,846251.0,26049.617752359999999962
402,20180413101834,846257.0,26049.617752359999999962
403,20180413101835,846259.03,26049.617752359999999962
404,20180413101837,846267.0,26049.617752359999999962
405,20180413101839,846273.02,26049.617752359999999962
406,20180413101840,846277.04,26049.617752359999999962
407,20180413101841,846280.0,26049.617752359999999962
408,20180413101842,846282.02,26049.617752359999999962
409,20180413101845,846434.33,26049.617752359999999962
410,20180413101846,846436.35,26049.617752359999999962
411,20180413101847,846439.0,26049.617752359999999962
412,20180413101849,846446.12,26049.617752359999999962
413,20180413101851,846452.11,26049.617752359999999962
414,20180413101853,846462.1,26049.617752359999999962
415,20180413101855,846470.1,26049.617752359999999962
416,20180413101856,846474.1,26049.617752359999999962
417,20180413101858,846478.1,26049.617752359999999962
418,20180413101859,846482.1,26049.617752359999999962
419,20180413101900,846488.1,26049.617752359999999962
420,20180413101902,846496.1,26049.617752359999999962
421,20180413101904,846504.1,26049.617752359999999962
422,20180413101905,846507.1,26049.617752359999999962
423,20180413101906,846512.2,26049.617752359999999962
424,20180413101908,846517.1,26049.617752359999999962
425,20180413101910,846525.1,26049.617752359999999962
426,20180413101911,846529.1,26049.617752359999999962
427,20180413101912,846530.0,26049.617752359999999962
428,20180413101914,846167.0,26049.617752359999999962
429,20180413101916,846159.0,26049.617752359999999962
430,20180413101917,846160.1,26049.617752359999999962
431,20180413101919,846161.0,26049.617752359999999962
432,20180413101922,845629.0,26049.617752359999999962
433,20180413101924,845637.0,26049.617752359999999962
434,20180413101925,845641.0,26049.617752359999999962
435,20180413101926,845644.0,26049.617752359999999962
436,20180413101928,845653.1,26049.617752359999999962
437,20180413101929,845658.0,26049.617752359999999962
438,20180413101931,845664.0,26049.617752359999999962
439,20180413101933,845664.0,26049.617752359999999962
440,20180413101935,845590.0,26049.617752359999999962
441,20180413101936,845594.0,26049.617752359999999962
442,20180413101937,845596.0,26049.617752359999999962
443,20180413101938,845598.0,26049.617752359999999962
444,20180413101939,845604.0,26049.617752359999999962
445,20180413101941,845608.0,26049.617752359999999962
446,20180413101942,845612.0,26049.617752359999999962
447,20180413101944,845616.0,26049.617752359999999962
448,20180413101946,845618.0,26049.617752359999999962
449,20180413101947,845616.0,26049.617752359999999962
450,20180413101949,845618.0,26049.617752359999999962
451,20180413101950,845666.02,26049.617752359999999962
452,20180413101951,845666.02,26049.617752359999999962
453,20180413101952,845668.02,26049.617752359999999962
454,20180413101954,845666.02,26049.617752359999999962
455,20180413101956,845666.02,26049.617752359999999962
456,20180413101958,845377.0,26049.617752359999999962
457,20180413102000,845560.0,26049.617752359999999962
458,20180413102002,845561.0,26049.617752359999999962
459,20180413102003,845373.0,26049.617752359999999962
460,20180413102004,845377.0,26049.617752359999999962
461,20180413102007,845383.0,26049.617752359999999962
462,20180413102008,845385.0,26049.617752359999999962
463,20180413102010,845391.0,26049.617752359999999962
464,20180413102012,845395.0,26049.617752359999999962
465,20180413102014,845398.02,26049.617752359999999962
466,20180413102016,845399.02,26049.617752359999999962
467,20180413102018,845404.02,26049.617752359999999962
468,20180413102021,845410.0,26049.617752359999999962
469,20180413102023,845416.1,26049.617752359999999962
470,20180413102025,845421.0,26049.617752359999999962
471,20180413102027,845427.0,26049.617752359999999962
472,20180413102028,845429.0,26049.617752359999999962
473,20180413102029,845606.0,26049.617752359999999962
474,20180413102031,845608.02,26049.617752359999999962
475,20180413102032,845686.68,26049.617752359999999962
476,20180413102033,845690.7,26049.617752359999999962
477,20180413102034,845696.72,26049.617752359999999962
478,20180413102036,845698.02,26049.617752359999999962
479,20180413102037,845703.0,26049.617752359999999962
480,20180413102038,845706.0,26049.617752359999999962
481,20180413102041,846181.14,26049.617752359999999962
482,20180413102042,846182.0,26049.617752359999999962
483,20180413102043,846181.14,26049.617752359999999962
484,20180413102045,845984.8,26049.617752359999999962
485,20180413102047,845990.0,26049.617752359999999962
486,20180413102049,845994.0,26049.617752359999999962
487,20180413102052,845996.0,26049.617752359999999962
488,20180413102053,845996.0,26049.617752359999999962
489,20180413102054,845998.0,26049.617752359999999962
490,20180413102056,846000.0,26049.617752359999999962
491,20180413102057,846002.01,26049.617752359999999962
492,20180413102058,845893.0,26049.617752359999999962
493,20180413102100,845835.67,26049.617752359999999962
494,20180413102102,845836.67,26049.617752359999999962
495,20180413102104,845840.67001,26049.617752359999999962
496,20180413102105,845842.67,26049.617752359999999962
497,20180413102107,845846.67,26049.617752359999999962
498,20180413102108,845848.67,26049.617752359999999962
499,20180413102110,845852.69,26049.617752359999999962
500,20180413102112,845854.0,26049.617752359999999962
501,20180413102114,845858.02,26049.617752359999999962
502,20180413102115,845860.02,26049.617752359999999962
503,20180413102116,845992.06,26049.617752359999999962
504,20180413102117,845994.06,26049.617752359999999962
505,20180413102119,846002.02,26049.617752359999999962
506,20180413102120,846006.04,26049.617752359999999962
507,20180413102122,846012.06,26049.617752359999999962
508,20180413102124,846016.063,26049.617752359999999962
509,20180413102126,846023.02,26049.617752359999999962
510,20180413102128,846031.06,26049.617752359999999962
511,20180413102129,846035.0,26049.617752359999999962
512,20180413102131,846040.1,26049.617752359999999962
513,20180413102132,846043.12,26049.617752359999999962
514,20180413102133,846044.14,26049.617752359999999962
515,20180413102135,846048.13,26049.617752359999999962
516,20180413102136,846048.14,26049.617752359999999962
517,20180413102137,846053.15,26049.617752359999999962
518,20180413102139,846059.25,26049.617752359999999962
519,20180413102141,846067.27,26049.617752359999999962
520,20180413102143,846074.0,26049.617752359999999962
521,20180413102146,846082.0,26049.617752359999999962
522,20180413102147,846086.0,26049.617752359999999962
523,20180413102149,846092.02,26049.617752359999999962
524,20180413102151,845859.0,26049.617752359999999962
525,20180413102153,845698.0,26033.752529199999999962
526,20180413102154,845698.0,26033.752529199999999962
527,20180413102156,845699.0,26033.752529199999999962
528,20180413102157,845700.1,26033.752529199999999962
529,20180413102158,845701.0,26033.752529199999999962
530,20180413102159,845701.01,26033.752529199999999962
531,20180413102201,845702.01,26033.752529199999999962
532,20180413102202,845703.0,26033.752529199999999962
533,20180413102203,845703.01,26033.752529199999999962
534,20180413102205,845704.0,26033.752529199999999962
535,20180413102207,845375.0,26033.752529199999999962
536,20180413102208,845376.0,26033.752529199999999962
537,20180413102209,845378.0,26033.752529199999999962
538,20180413102211,845378.0,26033.752529199999999962
539,20180413102213,845684.0,26033.752529199999999962
540,20180413102216,845684.0,26033.752529199999999962
541,20180413102217,845684.0,26033.752529199999999962
542,20180413102219,845684.0,26033.752529199999999962
543,20180413102221,845683.99995,26033.752529199999999962
544,20180413102222,845683.99995,26033.752529199999999962
545,20180413102224,845683.99995,26033.752529199999999962
546,20180413102226,845683.99995,26033.752529199999999962
547,20180413102228,845683.99995,26033.752529199999999962
548,20180413102229,845683.99995,26033.752529199999999962
549,20180413102231,845683.99995,26033.752529199999999962
550,20180413102233,845683.99995,26033.752529199999999962
551,20180413102235,845683.99995,26033.752529199999999962
552,20180413102236,845683.99995,26033.752529199999999962
553,20180413102237,845310.0,26033.752529199999999962
554,20180413102239,845424.0,26033.752529199999999962
555,20180413102240,845427.0,26033.752529199999999962
556,20180413102241,845429.0,26033.752529199999999962
557,20180413102242,845430.0,26033.752529199999999962
558,20180413102244,845432.0,26033.752529199999999962
559,20180413102245,845434.0,26033.752529199999999962
560,20180413102247,845490.0,26033.752529199999999962
561,20180413102250,845492.0,26033.752529199999999962
562,20180413102251,845493.0,26033.752529199999999962
563,20180413102253,845498.0,26033.752529199999999962
564,20180413102254,845502.0,26033.752529199999999962
565,20180413102256,845506.02,26033.752529199999999962
566,20180413102257,845512.04,26033.752529199999999962
567,20180413102259,845513.04,26033.752529199999999962
568,20180413102300,845516.0,26033.752529199999999962
569,20180413102301,845520.0,26033.752529199999999962
570,20180413102304,845523.0,26033.752529199999999962
571,20180413102305,845911.90005,26033.752529199999999962
572,20180413102307,845666.56,26033.752529199999999962
573,20180413102309,845669.0,26033.752529199999999962
574,20180413102311,845670.0,26033.752529199999999962
575,20180413102312,845670.0,26033.752529199999999962
576,20180413102313,845670.0,26033.752529199999999962
577,20180413102315,845670.0,26033.752529199999999962
578,20180413102316,845670.0,26033.752529199999999962
579,20180413102318,845447.02,26033.752529199999999962
580,20180413102319,845446.0,26033.752529199999999962
581,20180413102321,845448.01,26033.752529199999999962
582,20180413102322,845448.01,26033.752529199999999962
583,20180413102325,845452.0,26033.752529199999999962
584,20180413102327,845459.0,26033.752529199999999962
585,20180413102329,845467.0,26033.752529199999999962
586,20180413102330,845471.0,26033.752529199999999962
587,20180413102331,845476.0,26033.752529199999999962
588,20180413102334,845480.0,26033.752529199999999962
589,20180413102336,845483.03,26033.752529199999999962
590,20180413102338,845483.04,26033.752529199999999962
591,20180413102340,845500.0,26033.752529199999999962
592,20180413102342,845503.03,26033.752529199999999962
593,20180413102344,845500.0,26033.752529199999999962
594,20180413102346,845501.1,26033.752529199999999962
595,20180413102348,845500.0,26033.752529199999999962
596,20180413102350,844948.77,26033.752529199999999962
597,20180413102351,844952.8,26033.752529199999999962
598,20180413102352,844954.0,26033.752529199999999962
599,20180413102354,844948.77,26033.752529199999999962
600,20180413102357,844954.79995,26033.752529199999999962
601,20180413102359,844954.79995,26033.752529199999999962
602,20180413102400,844956.79,26033.752529199999999962
603,20180413102401,844958.8,26033.752529199999999962
604,20180413102402,844962.82,26033.752529199999999962
605,20180413102404,844966.02,26033.752529199999999962
606,20180413102406,844974.0,26033.752529199999999962
607,20180413102408,844982.0,26033.752529199999999962
608,20180413102410,845212.87,26033.752529199999999962
609,20180413102412,845216.01001,26033.752529199999999962
610,20180413102414,845220.13,26033.752529199999999962
611,20180413102416,845273.0,26033.752529199999999962
612,20180413102418,845276.1,26033.752529199999999962
613,20180413102420,845281.22,26033.752529199999999962
614,20180413102422,845286.26,26033.752529199999999962
615,20180413102423,845290.28,26033.752529199999999962
616,20180413102425,845294.54,26033.752529199999999962
617,20180413102426,845296.66,26033.752529199999999962
618,20180413102428,845303.0,26033.752529199999999962
619,20180413102431,845212.75,26033.752529199999999962
620,20180413102432,845043.38,26033.752529199999999962
621,20180413102433,845045.38,26033.752529199999999962
622,20180413102434,845048.02,26033.752529199999999962
623,20180413102435,845051.0,26033.752529199999999962
624,20180413102436,845053.0,26033.752529199999999962
625,20180413102438,845060.0,26033.752529199999999962
626,20180413102441,845067.0,26033.752529199999999962
627,20180413102443,845069.02,26033.752529199999999962
628,20180413102444,845071.02,26033.752529199999999962
629,20180413102446,845072.0,26033.752529199999999962
630,20180413102448,845076.0,26033.752529199999999962
631,20180413102450,845082.04,26033.752529199999999962
632,20180413102451,845085.0,26033.752529199999999962
633,20180413102454,845088.08,26033.752529199999999962
634,20180413102456,845093.0,26033.752529199999999962
635,20180413102457,845090.1,26033.752529199999999962
636,20180413102459,844956.0,26033.752529199999999962
637,20180413102500,844956.0,26033.752529199999999962
638,20180413102501,844321.0,26033.752529199999999962
639,20180413102502,844324.0,26033.752529199999999962
640,20180413102504,844330.0,26033.752529199999999962
641,20180413102505,844331.0,26033.752529199999999962
642,20180413102507,844332.01,26033.752529199999999962
643,20180413102509,844333.0,26033.752529199999999962
644,20180413102510,844333.01,26033.752529199999999962
645,20180413102511,844334.01,26033.752529199999999962
646,20180413102512,844025.37,26033.752529199999999962
647,20180413102514,844033.4,26033.752529199999999962
648,20180413102515,844035.4,26033.752529199999999962
649,20180413102516,844041.4,26033.752529199999999962
650,20180413102518,844043.4,26033.752529199999999962
651,20180413102519,844047.438,26033.752529199999999962
652,20180413102521,844053.438,26033.752529199999999962
653,20180413102522,844057.438,26033.752529199999999962
654,20180413102524,844061.438,26033.752529199999999962
655,20180413102525,844066.0,26033.752529199999999962
656,20180413102527,844069.438,26033.752529199999999962
657,20180413102528,844073.438,26033.752529199999999962
658,20180413102529,844075.458,26033.752529199999999962
659,20180413102531,844083.438,26033.752529199999999962
660,20180413102533,844091.0,26033.752529199999999962
661,20180413102535,844099.12,26033.752529199999999962
662,20180413102537,844105.0,26033.752529199999999962
663,20180413102538,844109.0,26033.752529199999999962
664,20180413102540,844115.1,26033.752529199999999962
665,20180413102542,844124.02,26033.752529199999999962
666,20180413102545,844839.41,26033.752529199999999962
667,20180413102546,844840.41,26033.752529199999999962
668,20180413102548,844049.0,26033.752529199999999962
669,20180413102549,844051.0,26033.752529199999999962
670,20180413102550,844054.0,26033.752529199999999962
671,20180413102551,844054.0,26033.752529199999999962
672,20180413102553,844057.0,26033.752529199999999962
673,20180413102556,844060.0,26033.752529199999999962
674,20180413102558,844061.01,26033.752529199999999962
675,20180413102600,844063.15,26033.752529199999999962
676,20180413102601,844065.15,26033.752529199999999962
677,20180413102602,844068.0,26033.752529199999999962
678,20180413102604,844069.0,26033.752529199999999962
679,20180413102606,844069.0,26033.752529199999999962
680,20180413102608,844064.15,26033.752529199999999962
681,20180413102610,844064.15001,26033.752529199999999962
682,20180413102611,844063.15,26033.752529199999999962
683,20180413102613,844064.15,26033.752529199999999962
684,20180413102614,844752.7,26033.752529199999999962
685,20180413102615,844540.0,26033.752529199999999962
686,20180413102617,844626.0,26033.752529199999999962
687,20180413102618,844627.0,26033.752529199999999962
688,20180413102620,844630.02,26033.752529199999999962
689,20180413102622,844631.02,26033.752529199999999962
690,20180413102624,844635.1,26033.752529199999999962
691,20180413102625,844626.0,26033.752529199999999962
692,20180413102627,844627.0,26033.752529199999999962
693,20180413102629,844077.0,26033.752529199999999962
694,20180413102630,844080.0,26033.752529199999999962
695,20180413102632,844086.0,26033.752529199999999962
696,20180413102633,844090.0,26033.752529199999999962
697,20180413102635,844098.0,26033.752529199999999962
698,20180413102637,844104.0,26033.752529199999999962
699,20180413102638,844110.0,26033.752529199999999962
700,20180413102641,844117.1,26033.752529199999999962
701,20180413102643,844790.4,26033.752529199999999962
702,20180413102644,844790.4,26033.752529199999999962
703,20180413102645,844790.4,26033.752529199999999962
704,20180413102646,844116.01,26033.752529199999999962
705,20180413102648,844190.2,26033.752529199999999962
706,20180413102651,844199.22,26033.752529199999999962
707,20180413102653,844205.25,26117.755996999999999962
708,20180413102655,844209.25,26117.755996999999999962
709,20180413102656,844213.25,26117.755996999999999962
710,20180413102657,844217.25,26117.755996999999999962
711,20180413102658,844221.25,26117.755996999999999962
712,20180413102701,844227.25,26117.755996999999999962
713,20180413102702,844231.25,26117.755996999999999962
714,20180413102704,844235.27,26117.755996999999999962
715,20180413102706,844116.0,26117.755996999999999962
716,20180413102708,844116.0,26117.755996999999999962
717,20180413102710,844121.0,26117.755996999999999962
718,20180413102711,844122.0,26117.755996999999999962
719,20180413102714,844128.0,26117.755996999999999962
720,20180413102716,844135.063,26117.755996999999999962
721,20180413102718,844143.063,26117.755996999999999962
722,20180413102720,844148.073,26117.755996999999999962
723,20180413102722,844156.063,26117.755996999999999962
724,20180413102723,844160.063,26117.755996999999999962
725,20180413102724,844166.063,26117.755996999999999962
726,20180413102726,844174.0,26117.755996999999999962
727,20180413102728,844185.0,26117.755996999999999962
728,20180413102730,844187.01,26117.755996999999999962
729,20180413102731,844193.0,26117.755996999999999962
730,20180413102733,844201.0,26117.755996999999999962
731,20180413102734,844207.0,26117.755996999999999962
732,20180413102736,844214.22,26117.755996999999999962
733,20180413102737,844219.0,26117.755996999999999962
734,20180413102739,844227.12,26117.755996999999999962
735,20180413102741,844236.0,26117.755996999999999962
736,20180413102744,844246.0,26117.755996999999999962
737,20180413102745,844250.0,26117.755996999999999962
738,20180413102746,844254.0,26117.755996999999999962
739,20180413102748,844262.0,26117.755996999999999962
740,20180413102749,844266.0,26117.755996999999999962
741,20180413102751,844274.14,26117.755996999999999962
742,20180413102753,844284.0,26117.755996999999999962
743,20180413102756,844291.0,26117.755996999999999962
744,20180413102758,844302.0,26117.755996999999999962
745,20180413102759,844304.0,26117.755996999999999962
746,20180413102801,844311.01,26117.755996999999999962
747,20180413102802,844311.0,26117.755996999999999962
748,20180413102803,844045.41995,26117.755996999999999962
749,20180413102804,844045.41995,26117.755996999999999962
750,20180413102806,843790.4,26117.755996999999999962
751,20180413102807,843792.4,26117.755996999999999962
752,20180413102809,843793.0,26117.755996999999999962
753,20180413102811,843801.0,26117.755996999999999962
754,20180413102812,843805.02,26117.755996999999999962
755,20180413102814,843809.0,26117.755996999999999962
756,20180413102816,843814.063,26117.755996999999999962
757,20180413102818,843822.063,26117.755996999999999962
758,20180413102820,843828.063,26117.755996999999999962
759,20180413102822,843833.0,26117.755996999999999962
760,20180413102823,843834.063,26117.755996999999999962
761,20180413102825,843841.0,26117.755996999999999962
762,20180413102826,843846.0,26117.755996999999999962
763,20180413102829,843852.0,26117.755996999999999962
764,20180413102831,843860.0,26117.755996999999999962
765,20180413102832,843864.0,26117.755996999999999962
766,20180413102833,843870.0,26117.755996999999999962
767,20180413102834,843873.0,26117.755996999999999962
768,20180413102836,843879.0,26117.755996999999999962
769,20180413102839,843883.24,26117.755996999999999962
770,20180413102840,843887.26,26117.755996999999999962
771,20180413102842,843891.5,26117.755996999999999962
772,20180413102844,843899.5,26117.755996999999999962
773,20180413102846,843908.0,26117.755996999999999962
774,20180413102847,843912.02,26117.755996999999999962
775,20180413102849,843920.02,26117.755996999999999962
776,20180413102852,843930.0,26117.755996999999999962
777,20180413102854,843937.063,26117.755996999999999962
778,20180413102856,843945.063,26117.755996999999999962
779,20180413102858,843953.183,26117.755996999999999962
780,20180413102859,843958.063,26117.755996999999999962
781,20180413102901,843963.063,26117.755996999999999962
782,20180413102903,843971.063,26117.755996999999999962
783,20180413102904,843977.063,26117.755996999999999962
784,20180413102905,843981.063,26117.755996999999999962
785,20180413102907,843989.063,26117.755996999999999962
786,20180413102909,843622.99,26117.755996999999999962
787,20180413102910,843622.99,26117.755996999999999962
788,20180413102913,843630.0,26117.755996999999999962
789,20180413102915,843636.02,26117.755996999999999962
790,20180413102916,843638.06,26117.755996999999999962
791,20180413102918,843643.08,26117.755996999999999962
792,20180413102919,843646.18,26117.755996999999999962
793,20180413102921,843650.2,26117.755996999999999962
794,20180413102923,843653.22,26117.755996999999999962
795,20180413102926,843656.24,26117.755996999999999962
796,20180413102927,843657.24,26117.755996999999999962
797,20180413102929,843661.1,26117.755996999999999962
798,20180413102931,843664.0,26117.755996999999999962
799,20180413102934,843667.02,26117.755996999999999962
800,20180413102936,843669.0,26117.755996999999999962
801,20180413102938,843672.0,26117.755996999999999962
802,20180413102940,843676.08,26117.755996999999999962
803,20180413102941,843676.08,26117.755996999999999962
804,20180413102942,843678.0,26117.755996999999999962
805,20180413102944,843679.1,26117.755996999999999962
806,20180413102945,843682.12,26117.755996999999999962
807,20180413102947,843682.12,26117.755996999999999962
808,20180413102948,843685.25,26117.755996999999999962
809,20180413102949,843687.25,26117.755996999999999962
810,20180413102950,843692.25,26117.755996999999999962
811,20180413102951,843696.25,26117.755996999999999962
812,20180413102953,843702.25,26117.755996999999999962
813,20180413102956,843705.35,26117.755996999999999962
814,20180413102958,843235.01,26117.755996999999999962
815,20180413103000,843236.01,26117.755996999999999962
816,20180413103002,843001.0,26117.755996999999999962
817,20180413103004,843001.0,26117.755996999999999962
818,20180413103006,843000.0,26117.755996999999999962
819,20180413103008,843000.0,26117.755996999999999962
820,20180413103010,843000.0,26117.755996999999999962
821,20180413103011,843000.0,26117.755996999999999962
822,20180413103013,843000.0,26117.755996999999999962
823,20180413103015,843000.0,26117.755996999999999962
824,20180413103017,843000.0,26117.755996999999999962
825,20180413103019,843000.0,26117.755996999999999962
826,20180413103021,843000.0,26117.755996999999999962
827,20180413103023,843000.0,26117.755996999999999962
828,20180413103024,843000.0,26117.755996999999999962
829,20180413103025,843000.0,26117.755996999999999962
830,20180413103026,843000.0,26117.755996999999999962
831,20180413103027,843000.0,26117.755996999999999962
832,20180413103029,843000.0,26117.755996999999999962
833,20180413103032,843000.0,26117.755996999999999962
834,20180413103034,843099.50005,26117.755996999999999962
835,20180413103036,843101.51005,26117.755996999999999962
836,20180413103037,843101.51005,26117.755996999999999962
837,20180413103039,843104.52005,26117.755996999999999962
838,20180413103041,843109.563,26117.755996999999999962
839,20180413103042,843111.563,26117.755996999999999962
840,20180413103044,843113.563,26117.755996999999999962
841,20180413103045,843117.58,26117.755996999999999962
842,20180413103046,843122.0,26117.755996999999999962
843,20180413103048,843130.0,26117.755996999999999962
844,20180413103050,843136.0,26117.755996999999999962
845,20180413103052,843145.0,26117.755996999999999962
846,20180413103054,843149.0,26117.755996999999999962
847,20180413103055,843155.0,26117.755996999999999962
848,20180413103057,843165.0,26117.755996999999999962
849,20180413103100,843930.49,26117.755996999999999962
850,20180413103102,843933.5,26117.755996999999999962
851,20180413103104,843934.01,26117.755996999999999962
852,20180413103105,843934.01,26117.755996999999999962
853,20180413103107,843936.0,26117.755996999999999962
854,20180413103108,843930.49,26117.755996999999999962
855,20180413103110,843930.49,26117.755996999999999962
856,20180413103112,843930.49,26117.755996999999999962
857,20180413103113,843930.48,26117.755996999999999962
858,20180413103114,843422.51,26117.755996999999999962
859,20180413103116,843428.5,26117.755996999999999962
860,20180413103119,843432.5,26117.755996999999999962
861,20180413103121,843436.5,26117.755996999999999962
862,20180413103123,843444.5,26117.755996999999999962
863,20180413103126,843448.52,26117.755996999999999962
864,20180413103128,843451.53,26117.755996999999999962
865,20180413103129,843458.5,26117.755996999999999962
866,20180413103132,843464.5,26117.755996999999999962
867,20180413103134,843470.5,26117.755996999999999962
868,20180413103136,843472.5,26117.755996999999999962
869,20180413103137,843476.5,26117.755996999999999962
870,20180413103139,843480.5,26117.755996999999999962
871,20180413103141,843488.5,26117.755996999999999962
872,20180413103143,843490.5,26117.755996999999999962
873,20180413103144,843203.0,26117.755996999999999962
874,20180413103145,843203.0,26117.755996999999999962
875,20180413103147,843205.0,26117.755996999999999962
876,20180413103150,843203.0,26117.755996999999999962
877,20180413103151,843203.0,26117.755996999999999962
878,20180413103152,842988.0,26121.307663699999999962
879,20180413103154,842988.0,26121.307663699999999962
880,20180413103157,843052.0,26121.307663699999999962
881,20180413103200,843052.0,26121.307663699999999962
882,20180413103202,843052.01,26121.307663699999999962
883,20180413103204,843052.01,26121.307663699999999962
884,20180413103206,843052.01,26121.307663699999999962
885,20180413103208,843052.01,26121.307663699999999962
886,20180413103209,843052.01,26121.307663699999999962
887,20180413103211,843053.26,26121.307663699999999962
888,20180413103212,843054.38,26121.307663699999999962
889,20180413103214,843054.51,26121.307663699999999962
890,20180413103215,843060.0,26121.307663699999999962
891,20180413103217,843067.0,26121.307663699999999962
892,20180413103219,843068.0,26121.307663699999999962
893,20180413103221,843070.12,26121.307663699999999962
894,20180413103222,843073.0,26121.307663699999999962
895,20180413103224,843348.33,26121.307663699999999962
896,20180413103225,843350.3,26121.307663699999999962
897,20180413103227,843356.3,26121.307663699999999962
898,20180413103229,843360.3,26121.307663699999999962
899,20180413103230,843364.3,26121.307663699999999962
900,20180413103231,843371.0,26121.307663699999999962
901,20180413103233,843379.02,26121.307663699999999962
902,20180413103234,843382.0,26121.307663699999999962
903,20180413103236,843389.01,26121.307663699999999962
904,20180413103238,844237.83,26121.307663699999999962
905,20180413103239,844239.85,26121.307663699999999962
906,20180413103241,844239.0,26121.307663699999999962
907,20180413103243,844241.0,26121.307663699999999962
908,20180413103245,844357.99,26121.307663699999999962
909,20180413103247,843672.29,26121.307663699999999962
910,20180413103249,844124.02,26121.307663699999999962
911,20180413103251,844128.12,26121.307663699999999962
912,20180413103253,844134.0,26121.307663699999999962
913,20180413103254,844137.02,26121.307663699999999962
914,20180413103257,844145.0,26121.307663699999999962
915,20180413103258,844147.0,26121.307663699999999962
916,20180413103259,844149.02,26121.307663699999999962
917,20180413103300,844151.0,26121.307663699999999962
918,20180413103301,844155.0,26121.307663699999999962
919,20180413103302,844161.0,26121.307663699999999962
920,20180413103305,844165.0,26121.307663699999999962
921,20180413103307,844169.0,26121.307663699999999962
922,20180413103309,844655.0,26121.307663699999999962
923,20180413103310,844657.02,26121.307663699999999962
924,20180413103312,844659.02,26121.307663699999999962
925,20180413103314,844660.02,26121.307663699999999962
926,20180413103315,844662.99,26121.307663699999999962
927,20180413103317,844666.09,26121.307663699999999962
928,20180413103318,844666.09,26121.307663699999999962
929,20180413103320,844663.0,26121.307663699999999962
930,20180413103321,844664.02,26121.307663699999999962
931,20180413103324,843906.0,26121.307663699999999962
932,20180413103325,844664.02,26121.307663699999999962
933,20180413103327,844667.0,26121.307663699999999962
934,20180413103328,844669.02,26121.307663699999999962
935,20180413103329,844671.02,26121.307663699999999962
936,20180413103330,844674.01,26121.307663699999999962
937,20180413103331,844888.02,26121.307663699999999962
938,20180413103333,844886.0,26121.307663699999999962
939,20180413103335,844677.063,26121.307663699999999962
940,20180413103336,844681.063,26121.307663699999999962
941,20180413103338,844685.183,26121.307663699999999962
942,20180413103339,844689.2,26121.307663699999999962
943,20180413103341,844692.558,26121.307663699999999962
944,20180413103344,844696.438,26121.307663699999999962
945,20180413103345,844694.438,26121.307663699999999962
946,20180413103346,844227.0,26121.307663699999999962
947,20180413103348,844228.1,26121.307663699999999962
948,20180413103349,843762.9,26121.307663699999999962
949,20180413103351,844363.0,26121.307663699999999962
950,20180413103353,843767.0,26121.307663699999999962
951,20180413103356,843772.0,26121.307663699999999962
952,20180413103358,843783.0,26121.307663699999999962
953,20180413103359,843787.0,26121.307663699999999962
954,20180413103400,843791.0,26121.307663699999999962
955,20180413103401,843795.0,26121.307663699999999962
956,20180413103402,843801.0,26121.307663699999999962
957,20180413103404,843806.0,26121.307663699999999962
958,20180413103407,843815.0,26121.307663699999999962
959,20180413103409,843824.0,26121.307663699999999962
960,20180413103410,843828.0,26121.307663699999999962
961,20180413103411,843832.0,26121.307663699999999962
962,20180413103412,843833.0,26121.307663699999999962
963,20180413103413,843837.0,26121.307663699999999962
964,20180413103414,843841.0,26121.307663699999999962
965,20180413103415,843845.0,26121.307663699999999962
966,20180413103418,843853.0,26121.307663699999999962
967,20180413103420,844482.0,26121.307663699999999962
968,20180413103421,844485.0,26121.307663699999999962
969,20180413103422,844482.0,26121.307663699999999962
970,20180413103423,844482.0,26121.307663699999999962
971,20180413103425,844482.0,26121.307663699999999962
972,20180413103427,844482.0,26121.307663699999999962
973,20180413103430,844481.0,26121.307663699999999962
974,20180413103432,843884.0,26121.307663699999999962
975,20180413103433,843898.0,26121.307663699999999962
976,20180413103435,843906.0,26121.307663699999999962
977,20180413103436,843909.0,26121.307663699999999962
978,20180413103437,843913.0,26121.307663699999999962
979,20180413103438,843917.0,26121.307663699999999962
980,20180413103440,843923.0,26121.307663699999999962
981,20180413103443,843932.0,26121.307663699999999962
982,20180413103444,843935.0,26121.307663699999999962
983,20180413103445,843939.0,26121.307663699999999962
984,20180413103446,843941.12,26121.307663699999999962
985,20180413103447,843947.0,26121.307663699999999962
986,20180413103448,843951.0,26121.307663699999999962
987,20180413103450,843959.0,26121.307663699999999962
988,20180413103451,843958.0,26121.307663699999999962
989,20180413103454,844242.0,26121.307663699999999962
990,20180413103455,844110.01,26121.307663699999999962
991,20180413103457,844116.0,26121.307663699999999962
992,20180413103459,844115.0,26121.307663699999999962
993,20180413103501,843688.0,26121.307663699999999962
994,20180413103502,843695.0,26121.307663699999999962
995,20180413103503,843689.0,26121.307663699999999962
996,20180413103505,843699.0,26121.307663699999999962
997,20180413103506,843699.0,26121.307663699999999962
998,20180413103507,843703.0,26121.307663699999999962
999,20180413103509,843711.1,26121.307663699999999962
1000,20180413103511,843715.1,26121.307663699999999962
1001,20180413103512,843715.1,26121.307663699999999962
1002,20180413103513,843379.0,26121.307663699999999962
1003,20180413103516,843380.0,26121.307663699999999962
1004,20180413103517,844551.0,26121.307663699999999962
1005,20180413103519,843875.3,26121.307663699999999962
1006,20180413103521,844115.5,26121.307663699999999962
1007,20180413103522,843876.0,26121.307663699999999962
1008,20180413103523,843877.0,26121.307663699999999962
1009,20180413103525,843879.0,26121.307663699999999962
1010,20180413103526,843878.0,26121.307663699999999962
1011,20180413103529,843654.063,26121.307663699999999962
1012,20180413103531,843910.01,26121.307663699999999962
1013,20180413103532,843910.01,26121.307663699999999962
1014,20180413103533,844249.0,26121.307663699999999962
1015,20180413103534,843911.01,26121.307663699999999962
1016,20180413103536,843113.03,26121.307663699999999962
1017,20180413103538,843565.6,26121.307663699999999962
1018,20180413103541,843567.0,26121.307663699999999962
1019,20180413103543,843093.0,26121.307663699999999962
1020,20180413103545,842876.3,26121.307663699999999962
1021,20180413103547,843770.0,26121.307663699999999962
1022,20180413103549,843119.02,26121.307663699999999962
1023,20180413103550,843123.0,26121.307663699999999962
1024,20180413103552,843131.0,26121.307663699999999962
1025,20180413103554,843138.0,26121.307663699999999962
1026,20180413103557,843142.1,26121.307663699999999962
1027,20180413103558,843165.0,26121.307663699999999962
1028,20180413103559,843169.12,26121.307663699999999962
1029,20180413103601,843178.0,26121.307663699999999962
1030,20180413103603,843185.0,26121.307663699999999962
1031,20180413103605,843193.0,26121.307663699999999962
1032,20180413103607,843197.0,26121.307663699999999962
1033,20180413103610,843202.0,26121.307663699999999962
1034,20180413103611,843204.0,26121.307663699999999962
1035,20180413103612,843190.0,26121.307663699999999962
1036,20180413103613,843594.0,26121.307663699999999962
1037,20180413103614,843714.0,26121.307663699999999962
1038,20180413103615,842575.16,26121.307663699999999962
1039,20180413103617,842575.06001,26121.307663699999999962
1040,20180413103620,843669.1,26121.307663699999999962
1041,20180413103622,843418.0,26121.307663699999999962
1042,20180413103623,842859.0,26121.307663699999999962
1043,20180413103624,842861.0,26121.307663699999999962
1044,20180413103625,842861.0,26121.307663699999999962
1045,20180413103627,842866.0,26121.307663699999999962
1046,20180413103628,842868.0,26121.307663699999999962
1047,20180413103631,842874.1,26121.307663699999999962
1048,20180413103633,843433.0,26121.307663699999999962
1049,20180413103635,843439.0,26121.307663699999999962
1050,20180413103636,843430.0,26121.307663699999999962
1051,20180413103638,843435.0,26121.307663699999999962
1052,20180413103640,843431.01,26121.307663699999999962
1053,20180413103641,843089.0,26121.307663699999999962
1054,20180413103644,843090.0,26121.307663699999999962
1055,20180413103645,843090.0,26121.307663699999999962
1056,20180413103647,842144.0,26121.307663699999999962
1057,20180413103649,842167.7,26121.307663699999999962
1058,20180413103650,843264.0,26121.307663699999999962
1059,20180413103652,842669.0,26121.307663699999999962
1060,20180413103653,842671.0,26186.79108711999999996
1061,20180413103656,842264.0,26186.79108711999999996
1062,20180413103657,842679.0,26186.79108711999999996
1063,20180413103659,842682.0,26186.79108711999999996
1064,20180413103701,842190.02,26186.79108711999999996
1065,20180413103704,842144.0,26186.79108711999999996
1066,20180413103705,842189.01,26186.79108711999999996
1067,20180413103707,842190.0,26186.79108711999999996
1068,20180413103709,842190.0,26186.79108711999999996
1069,20180413103711,842190.0,26186.79108711999999996
1070,20180413103712,842190.0,26186.79108711999999996
1071,20180413103714,842191.0,26186.79108711999999996
1072,20180413103716,842145.0,26186.79108711999999996
1073,20180413103718,842645.0,26186.79108711999999996
1074,20180413103720,842154.0,26186.79108711999999996
1075,20180413103721,842157.0,26186.79108711999999996
1076,20180413103724,842163.02,26186.79108711999999996
1077,20180413103726,842170.0,26186.79108711999999996
1078,20180413103727,842172.12,26186.79108711999999996
1079,20180413103728,842177.0,26186.79108711999999996
1080,20180413103729,842181.0,26186.79108711999999996
1081,20180413103730,842184.1,26186.79108711999999996
1082,20180413103733,842190.1,26186.79108711999999996
1083,20180413103734,842192.1,26186.79108711999999996
1084,20180413103736,842195.0,26186.79108711999999996
1085,20180413103737,842195.0,26186.79108711999999996
1086,20180413103738,842150.1,26186.79108711999999996
1087,20180413103740,842145.6,26186.79108711999999996
1088,20180413103742,841567.04,26186.79108711999999996
1089,20180413103744,841992.0,26186.79108711999999996
1090,20180413103746,841992.0,26186.79108711999999996
1091,20180413103747,841992.0,26186.79108711999999996
1092,20180413103748,841569.0,26186.79108711999999996
1093,20180413103750,841568.063,26186.79108711999999996
1094,20180413103751,841574.063,26186.79108711999999996
1095,20180413103754,841580.063,26186.79108711999999996
1096,20180413103755,841584.063,26186.79108711999999996
1097,20180413103756,841588.063,26186.79108711999999996
1098,20180413103758,841594.063,26186.79108711999999996
1099,20180413103800,841598.07,26186.79108711999999996
1100,20180413103801,841603.0,26186.79108711999999996
1101,20180413103803,841600.063,26186.79108711999999996
1102,20180413103805,841607.063,26186.79108711999999996
1103,20180413103808,841611.06,26186.79108711999999996
1104,20180413103810,841611.06,26186.79108711999999996
1105,20180413103812,841611.06,26186.79108711999999996
1106,20180413103813,841212.0,26186.79108711999999996
1107,20180413103815,841213.01,26186.79108711999999996
1108,20180413103817,841214.01,26186.79108711999999996
1109,20180413103820,841224.0,26186.79108711999999996
1110,20180413103822,841232.0,26186.79108711999999996
1111,20180413103823,841236.0,26186.79108711999999996
1112,20180413103824,841239.0,26186.79108711999999996
1113,20180413103826,841248.0,26186.79108711999999996
1114,20180413103828,841254.01,26186.79108711999999996
1115,20180413103830,841262.0,26186.79108711999999996
1116,20180413103833,841270.0,26186.79108711999999996
1117,20180413103834,841274.0,26186.79108711999999996
1118,20180413103836,841279.0,26186.79108711999999996
1119,20180413103837,841283.01,26186.79108711999999996
1120,20180413103839,841291.0,26186.79108711999999996
1121,20180413103840,841295.0,26186.79108711999999996
1122,20180413103842,841299.0,26186.79108711999999996
1123,20180413103843,841303.0,26186.79108711999999996
1124,20180413103845,841309.0,26186.79108711999999996
1125,20180413103846,841313.0,26186.79108711999999996
1126,20180413103847,841315.0,26186.79108711999999996
1127,20180413103849,841321.0,26186.79108711999999996
1128,20180413103850,841787.22,26186.79108711999999996
1129,20180413103853,841787.23,26186.79108711999999996
1130,20180413103855,841795.25,26186.79108711999999996
1131,20180413103857,841798.25,26186.79108711999999996
1132,20180413103859,841797.26,26186.79108711999999996
1133,20180413103900,842289.0,26186.79108711999999996
1134,20180413103901,841966.26,26186.79108711999999996
1135,20180413103903,841982.0,26186.79108711999999996
1136,20180413103905,841361.0,26186.79108711999999996
1137,20180413103908,841368.0,26186.79108711999999996
1138,20180413103909,841654.0,26186.79108711999999996
1139,20180413103911,841662.0,26186.79108711999999996
1140,20180413103913,841667.0,26186.79108711999999996
1141,20180413103914,841670.0,26186.79108711999999996
1142,20180413103916,841675.0,26186.79108711999999996
1143,20180413103918,841682.02,26186.79108711999999996
1144,20180413103921,841691.0,26186.79108711999999996
1145,20180413103923,842303.0,26186.79108711999999996
1146,20180413103924,842304.0,26186.79108711999999996
1147,20180413103926,841946.0,26186.79108711999999996
1148,20180413103927,841947.6,26186.79108711999999996
1149,20180413103929,841953.6,26186.79108711999999996
1150,20180413103930,841957.6,26186.79108711999999996
1151,20180413103932,841959.6,26186.79108711999999996
1152,20180413103933,842291.0,26186.79108711999999996
1153,20180413103935,841959.61,26186.79108711999999996
1154,20180413103937,841963.6,26186.79108711999999996
1155,20180413103939,842244.01,26186.79108711999999996
1156,20180413103941,841969.6,26186.79108711999999996
1157,20180413103943,841971.6,26186.79108711999999996
1158,20180413103945,841977.6,26186.79108711999999996
1159,20180413103947,841985.6,26186.79108711999999996
1160,20180413103948,841991.6,26186.79108711999999996
1161,20180413103950,841991.72,26186.79108711999999996
1162,20180413103951,841991.72,26186.79108711999999996
1163,20180413103952,841992.0,26186.79108711999999996
1164,20180413103954,841993.0,26186.79108711999999996
1165,20180413103957,841999.0,26186.79108711999999996
1166,20180413103959,842007.0,26186.79108711999999996
1167,20180413104000,842010.0,26186.79108711999999996
1168,20180413104002,842470.0,26186.79108711999999996
1169,20180413104004,842016.1,26186.79108711999999996
1170,20180413104006,842605.0,26186.79108711999999996
1171,20180413104007,842689.85,26186.79108711999999996
1172,20180413104010,842689.85,26186.79108711999999996
1173,20180413104011,842293.01,26186.79108711999999996
1174,20180413104013,842295.12,26186.79108711999999996
1175,20180413104015,842295.01,26186.79108711999999996
1176,20180413104017,842077.0,26186.79108711999999996
1177,20180413104019,842087.0,26186.79108711999999996
1178,20180413104020,842092.1,26186.79108711999999996
1179,20180413104022,842096.12,26186.79108711999999996
1180,20180413104024,842103.12,26186.79108711999999996
1181,20180413104025,842105.1,26186.79108711999999996
1182,20180413104026,842111.1,26186.79108711999999996
1183,20180413104027,842113.1,26186.79108711999999996
1184,20180413104029,842119.0,26186.79108711999999996
1185,20180413104032,842500.0,26186.79108711999999996
1186,20180413104034,841993.0,26186.79108711999999996
1187,20180413104035,842133.0,26186.79108711999999996
1188,20180413104036,842133.0,26186.79108711999999996
1189,20180413104037,842134.0,26186.79108711999999996
1190,20180413104039,842136.0,26186.79108711999999996
1191,20180413104040,841995.64,26186.79108711999999996
1192,20180413104042,841993.62,26186.79108711999999996
1193,20180413104044,841992.7,26186.79108711999999996
1194,20180413104046,841992.7,26186.79108711999999996
1195,20180413104047,841992.7,26186.79108711999999996
1196,20180413104049,841991.6,26186.79108711999999996
1197,20180413104050,841991.6,26186.79108711999999996
1198,20180413104051,841991.6,26186.79108711999999996
1199,20180413104053,841991.6,26186.79108711999999996
1200,20180413104054,841991.6,26186.79108711999999996
1201,20180413104055,841991.6,26186.79108711999999996
1202,20180413104056,841991.6,26186.79108711999999996
1203,20180413104057,841991.6,26186.79108711999999996
1204,20180413104059,841680.0,26186.79108711999999996
1205,20180413104100,841656.0,26186.79108711999999996
1206,20180413104102,841551.0,26186.79108711999999996
1207,20180413104103,841657.01,26186.79108711999999996
1208,20180413104104,841658.0,26186.79108711999999996
1209,20180413104106,841616.17,26186.79108711999999996
1210,20180413104107,841618.17,26186.79108711999999996
1211,20180413104109,841568.0,26186.79108711999999996
1212,20180413104111,841568.01,26186.79108711999999996
1213,20180413104114,841568.01,26186.79108711999999996
1214,20180413104116,841568.0,26186.79108711999999996
1215,20180413104118,841570.13,26186.79108711999999996
1216,20180413104120,841570.13,26186.79108711999999996
1217,20180413104122,841663.0,26186.79108711999999996
1218,20180413104123,841660.36,26186.79108711999999996
1219,20180413104125,841664.02,26186.79108711999999996
1220,20180413104127,841666.02,26186.79108711999999996
1221,20180413104128,841666.02,26186.79108711999999996
1222,20180413104129,841669.0,26186.79108711999999996
1223,20180413104131,841672.02,26186.79108711999999996
1224,20180413104132,841673.02,26186.79108711999999996
1225,20180413104134,841675.14,26186.79108711999999996
1226,20180413104135,841676.14,26186.79108711999999996
1227,20180413104137,841677.16,26186.79108711999999996
1228,20180413104138,841680.0,26186.79108711999999996
1229,20180413104140,841682.17,26186.79108711999999996
1230,20180413104142,841682.17,26186.79108711999999996
1231,20180413104143,841682.17,26186.79108711999999996
1232,20180413104145,841682.17,26186.79108711999999996
1233,20180413104146,841683.27,26186.79108711999999996
1234,20180413104148,841683.27,26186.79108711999999996
1235,20180413104149,841553.01,26186.79108711999999996
1236,20180413104150,841551.0,26186.79108711999999996
1237,20180413104151,841551.0,26186.79108711999999996
1238,20180413104153,841551.0,26186.79108711999999996
1239,20180413104154,841551.0,26217.72390311999999996
1240,20180413104156,841551.0,26217.72390311999999996
1241,20180413104158,841551.0,26217.72390311999999996
1242,20180413104159,841551.0,26217.72390311999999996
1243,20180413104200,841551.0,26217.72390311999999996
1244,20180413104202,841010.0,26217.72390311999999996
1245,20180413104204,840896.01,26217.72390311999999996
1246,20180413104205,840662.12,26217.72390311999999996
1247,20180413104207,840262.0,26217.72390311999999996
1248,20180413104208,840266.0,26217.72390311999999996
1249,20180413104209,840270.0,26217.72390311999999996
1250,20180413104211,840273.0,26217.72390311999999996
1251,20180413104213,840279.0,26217.72390311999999996
1252,20180413104214,840281.0,26217.72390311999999996
1253,20180413104217,840283.0,26217.72390311999999996
1254,20180413104219,840284.1,26217.72390311999999996
1255,20180413104221,840178.71,26217.72390311999999996
1256,20180413104222,840000.0,26217.72390311999999996
1257,20180413104224,840258.0,26217.72390311999999996
1258,20180413104225,840260.02,26217.72390311999999996
1259,20180413104226,840258.0,26217.72390311999999996
1260,20180413104228,840179.72,26217.72390311999999996
1261,20180413104229,839502.0,26217.72390311999999996
1262,20180413104230,839505.063,26217.72390311999999996
1263,20180413104232,839512.0,26217.72390311999999996
1264,20180413104233,839514.02,26217.72390311999999996
1265,20180413104234,839518.0,26217.72390311999999996
1266,20180413104236,839526.0,26217.72390311999999996
1267,20180413104239,840223.54,26217.72390311999999996
1268,20180413104240,840261.0,26217.72390311999999996
1269,20180413104241,840261.0,26217.72390311999999996
1270,20180413104242,840261.0,26217.72390311999999996
1271,20180413104243,839532.0,26217.72390311999999996
1272,20180413104245,839537.0,26217.72390311999999996
1273,20180413104246,839540.0,26217.72390311999999996
1274,20180413104248,839546.0,26217.72390311999999996
1275,20180413104250,839554.0,26217.72390311999999996
1276,20180413104251,839556.0,26217.72390311999999996
1277,20180413104253,839560.0,26217.72390311999999996
1278,20180413104255,839552.0,26217.72390311999999996
1279,20180413104256,839552.0,26217.72390311999999996
1280,20180413104257,839500.001,26217.72390311999999996
1281,20180413104300,839501.0,26217.72390311999999996
1282,20180413104301,839768.0,26217.72390311999999996
1283,20180413104302,840344.9,26217.72390311999999996
1284,20180413104303,840344.9,26217.72390311999999996
1285,20180413104305,839786.0,26217.72390311999999996
1286,20180413104306,839788.0,26217.72390311999999996
1287,20180413104308,839796.0,26217.72390311999999996
1288,20180413104310,839800.0,26217.72390311999999996
1289,20180413104311,839804.01,26217.72390311999999996
1290,20180413104313,839812.0,26217.72390311999999996
1291,20180413104314,839816.0,26217.72390311999999996
1292,20180413104315,840152.0,26217.72390311999999996
1293,20180413104317,839823.0,26217.72390311999999996
1294,20180413104318,839823.0,26217.72390311999999996
1295,20180413104321,839931.0,26217.72390311999999996
1296,20180413104323,839938.02,26217.72390311999999996
1297,20180413104324,839941.12,26217.72390311999999996
1298,20180413104326,839947.0,26217.72390311999999996
1299,20180413104328,839954.0,26217.72390311999999996
1300,20180413104329,839958.0,26217.72390311999999996
1301,20180413104331,839964.0,26217.72390311999999996
1302,20180413104332,839968.0,26217.72390311999999996
1303,20180413104333,839972.0,26217.72390311999999996
1304,20180413104335,839978.0,26217.72390311999999996
1305,20180413104337,839986.0,26217.72390311999999996
1306,20180413104339,839995.0,26217.72390311999999996
1307,20180413104340,839999.0,26217.72390311999999996
1308,20180413104343,840007.0,26217.72390311999999996
1309,20180413104344,840012.0,26217.72390311999999996
1310,20180413104345,840017.0,26217.72390311999999996
1311,20180413104346,840020.12,26217.72390311999999996
1312,20180413104347,840026.0,26217.72390311999999996
1313,20180413104349,840030.0,26217.72390311999999996
1314,20180413104351,840036.0,26217.72390311999999996
1315,20180413104352,840038.0,26217.72390311999999996
1316,20180413104354,840044.02,26217.72390311999999996
1317,20180413104356,840052.0,26217.72390311999999996
1318,20180413104358,840054.0,26217.72390311999999996
1319,20180413104359,840055.12,26217.72390311999999996
1320,20180413104402,840065.0,26217.72390311999999996
1321,20180413104403,840068.0,26217.72390311999999996
1322,20180413104405,840074.0,26217.72390311999999996
1323,20180413104407,840068.0,26217.72390311999999996
1324,20180413104409,840093.0,26217.72390311999999996
1325,20180413104412,840100.0,26217.72390311999999996
1326,20180413104414,840107.1,26217.72390311999999996
1327,20180413104415,839878.35,26217.72390311999999996
1328,20180413104417,839786.0,26217.72390311999999996
1329,20180413104418,839786.0,26217.72390311999999996
1330,20180413104420,839584.02,26217.72390311999999996
1331,20180413104421,839296.0,26217.72390311999999996
1332,20180413104422,839500.0,26217.72390311999999996
1333,20180413104424,839528.0,26217.72390311999999996
1334,20180413104425,839528.0,26217.72390311999999996
1335,20180413104427,839101.02,26217.72390311999999996
1336,20180413104429,839001.0,26217.72390311999999996
1337,20180413104430,838729.0,26217.72390311999999996
1338,20180413104432,839042.0,26217.72390311999999996
1339,20180413104433,838197.0,26217.72390311999999996
1340,20180413104435,838199.02,26217.72390311999999996
1341,20180413104437,838239.0,26217.72390311999999996
1342,20180413104438,836801.0,26217.72390311999999996
1343,20180413104439,837392.0,26217.72390311999999996
1344,20180413104440,837394.02,26217.72390311999999996
1345,20180413104441,836803.0,26217.72390311999999996
1346,20180413104443,836807.0,26217.72390311999999996
1347,20180413104446,836827.0,26217.72390311999999996
1348,20180413104448,836003.0,26217.72390311999999996
1349,20180413104450,836003.0,26217.72390311999999996
1350,20180413104452,836001.0,26217.72390311999999996
1351,20180413104453,836000.001,26217.72390311999999996
1352,20180413104456,836000.001,26217.72390311999999996
1353,20180413104457,835595.0,26217.72390311999999996
1354,20180413104458,835595.0,26217.72390311999999996
1355,20180413104500,835501.0,26217.72390311999999996
1356,20180413104502,835501.0,26217.72390311999999996
1357,20180413104503,835155.0,26217.72390311999999996
1358,20180413104505,835082.0,26217.72390311999999996
1359,20180413104508,835084.02,26217.72390311999999996
1360,20180413104510,835004.02,26217.72390311999999996
1361,20180413104511,835197.01,26217.72390311999999996
1362,20180413104512,835116.72,26217.72390311999999996
1363,20180413104513,835002.0,26217.72390311999999996
1364,20180413104515,835000.0,26217.72390311999999996
1365,20180413104517,834590.01,26217.72390311999999996
1366,20180413104518,835163.0,26217.72390311999999996
1367,20180413104519,835167.0,26217.72390311999999996
1368,20180413104521,835172.0,26217.72390311999999996
1369,20180413104523,835800.0,26217.72390311999999996
1370,20180413104525,835700.0,26217.72390311999999996
1371,20180413104526,835702.0,26217.72390311999999996
1372,20180413104528,836294.66223,26217.72390311999999996
1373,20180413104529,835702.0,26217.72390311999999996
1374,20180413104530,835706.0,26217.72390311999999996
1375,20180413104532,835710.01,26217.72390311999999996
1376,20180413104534,835929.0,26217.72390311999999996
1377,20180413104535,835933.0,26217.72390311999999996
1378,20180413104537,835935.01,26217.72390311999999996
1379,20180413104539,835942.0,26217.72390311999999996
1380,20180413104540,835945.0,26217.72390311999999996
1381,20180413104542,835946.01,26217.72390311999999996
1382,20180413104543,836445.938,26217.72390311999999996
1383,20180413104545,836451.0,26217.72390311999999996
1384,20180413104547,836457.0,26217.72390311999999996
1385,20180413104549,836500.0,26217.72390311999999996
1386,20180413104550,836502.0,26217.72390311999999996
1387,20180413104552,836507.0,26217.72390311999999996
1388,20180413104553,836510.0,26217.72390311999999996
1389,20180413104555,836518.0,26217.72390311999999996
1390,20180413104557,836522.22,26217.72390311999999996
1391,20180413104559,836524.11,26217.72390311999999996
1392,20180413104601,836524.12,26217.72390311999999996
1393,20180413104603,836096.0,26217.72390311999999996
1394,20180413104605,836103.0,26217.72390311999999996
1395,20180413104607,836110.0,26217.72390311999999996
1396,20180413104608,836114.01,26217.72390311999999996
1397,20180413104610,836116.03,26217.72390311999999996
1398,20180413104613,835524.32,26217.72390311999999996
1399,20180413104614,835827.62,26217.72390311999999996
1400,20180413104616,835836.0,26217.72390311999999996
1401,20180413104618,835862.0,26217.72390311999999996
1402,20180413104620,835864.12,26217.72390311999999996
1403,20180413104621,835868.36,26217.72390311999999996
1404,20180413104624,835873.37,26217.72390311999999996
1405,20180413104625,835878.25,26217.72390311999999996
1406,20180413104626,835880.25,26217.72390311999999996
1407,20180413104627,835882.37,26217.72390311999999996
1408,20180413104628,835886.4,26217.72390311999999996
1409,20180413104629,835889.4,26217.72390311999999996
1410,20180413104630,835894.4,26217.72390311999999996
1411,20180413104632,835898.4,26217.72390311999999996
1412,20180413104634,837000.0,26217.72390311999999996
1413,20180413104636,836004.0,26217.72390311999999996
1414,20180413104638,836009.0,26217.72390311999999996
1415,20180413104640,836018.0,26217.72390311999999996
1416,20180413104641,837179.0,26217.72390311999999996
1417,20180413104643,837182.02,26217.72390311999999996
1418,20180413104645,837185.04,26217.72390311999999996
1419,20180413104647,837186.04,26217.72390311999999996
1420,20180413104648,837186.04,26217.72390311999999996
1421,20180413104650,837187.13,26217.72390311999999996
1422,20180413104652,837186.04,26217.72390311999999996
1423,20180413104653,837187.14,26217.72390311999999996
1424,20180413104654,837187.14,26371.59104765999999996
1425,20180413104656,837189.07,26371.59104765999999996
1426,20180413104657,837097.17,26371.59104765999999996
1427,20180413104658,836835.11,26371.59104765999999996
1428,20180413104700,836835.11,26371.59104765999999996
1429,20180413104701,836838.0,26371.59104765999999996
1430,20180413104702,836561.24,26371.59104765999999996
1431,20180413104704,836472.03,26371.59104765999999996
1432,20180413104706,836474.04,26371.59104765999999996
1433,20180413104708,836475.01,26371.59104765999999996
1434,20180413104710,836305.01,26371.59104765999999996
1435,20180413104712,836311.0,26371.59104765999999996
1436,20180413104714,836606.0,26371.59104765999999996
1437,20180413104716,836490.98,26371.59104765999999996
1438,20180413104719,836608.0,26371.59104765999999996
1439,20180413104721,836610.02,26371.59104765999999996
1440,20180413104723,836608.0,26371.59104765999999996
1441,20180413104724,836608.0,26371.59104765999999996
1442,20180413104726,836319.01,26371.59104765999999996
1443,20180413104727,836319.01,26371.59104765999999996
1444,20180413104730,836165.0,26371.59104765999999996
1445,20180413104731,836035.0,26371.59104765999999996
1446,20180413104733,836115.0,26371.59104765999999996
1447,20180413104735,836116.0,26371.59104765999999996
1448,20180413104737,836025.0,26371.59104765999999996
1449,20180413104739,836029.0,26371.59104765999999996
1450,20180413104741,836031.0,26371.59104765999999996
1451,20180413104743,836035.0,26371.59104765999999996
1452,20180413104745,836043.0,26371.59104765999999996
1453,20180413104747,836044.0,26371.59104765999999996
1454,20180413104749,836044.0,26371.59104765999999996
1455,20180413104751,836026.0,26371.59104765999999996
1456,20180413104752,835616.0,26371.59104765999999996
1457,20180413104754,835490.01,26371.59104765999999996
1458,20180413104755,835494.0,26371.59104765999999996
1459,20180413104756,835498.12,26371.59104765999999996
1460,20180413104757,835502.0,26371.59104765999999996
1461,20180413104759,835509.0,26371.59104765999999996
1462,20180413104800,835512.0,26371.59104765999999996
1463,20180413104802,835022.0,26371.59104765999999996
1464,20180413104804,835026.0,26371.59104765999999996
1465,20180413104806,835032.0,26371.59104765999999996
1466,20180413104807,835030.13,26371.59104765999999996
1467,20180413104809,835032.01,26371.59104765999999996
1468,20180413104811,835031.01,26371.59104765999999996
1469,20180413104812,834641.03,26371.59104765999999996
1470,20180413104814,834641.03,26371.59104765999999996
1471,20180413104816,834641.04,26371.59104765999999996
1472,20180413104818,834641.03,26371.59104765999999996
1473,20180413104820,833539.0,26371.59104765999999996
1474,20180413104822,833720.0,26371.59104765999999996
1475,20180413104824,833721.0,26371.59104765999999996
1476,20180413104825,833721.0,26371.59104765999999996
1477,20180413104827,833722.0,26371.59104765999999996
1478,20180413104830,833723.0,26371.59104765999999996
1479,20180413104832,833723.0,26371.59104765999999996
1480,20180413104834,833724.0,26371.59104765999999996
1481,20180413104835,833725.0,26371.59104765999999996
1482,20180413104836,833725.01,26371.59104765999999996
1483,20180413104838,833726.0,26371.59104765999999996
1484,20180413104841,833541.0,26371.59104765999999996
1485,20180413104842,833541.0,26371.59104765999999996
1486,20180413104843,833541.0,26371.59104765999999996
1487,20180413104845,833539.0,26371.59104765999999996
1488,20180413104847,833539.0,26371.59104765999999996
1489,20180413104848,833539.0,26371.59104765999999996
1490,20180413104850,833539.0,26371.59104765999999996
1491,20180413104851,833539.0,26371.59104765999999996
1492,20180413104854,833500.0,26371.59104765999999996
1493,20180413104855,833500.0,26371.59104765999999996
1494,20180413104856,833000.00101,26371.59104765999999996
1495,20180413104857,833000.001,26371.59104765999999996
1496,20180413104859,833003.1,26371.59104765999999996
1497,20180413104901,833007.13,26371.59104765999999996
1498,20180413104903,833016.1,26371.59104765999999996
1499,20180413104906,833021.1,26371.59104765999999996
1500,20180413104907,833043.0,26371.59104765999999996
1501,20180413104909,833049.0,26371.59104765999999996
1502,20180413104910,833053.0,26371.59104765999999996
1503,20180413104912,833059.0,26371.59104765999999996
1504,20180413104914,833067.0,26371.59104765999999996
1505,20180413104916,833069.0,26371.59104765999999996
1506,20180413104918,833073.1,26371.59104765999999996
1507,20180413104919,833065.0,26371.59104765999999996
1508,20180413104920,830003.0,26371.59104765999999996
1509,20180413104922,830470.0,26371.59104765999999996
1510,20180413104924,830476.02,26371.59104765999999996
1511,20180413104926,830496.0,26371.59104765999999996
1512,20180413104927,830496.0,26371.59104765999999996
1513,20180413104929,830496.01,26371.59104765999999996
1514,20180413104931,830502.01,26371.59104765999999996
1515,20180413104933,830503.11,26371.59104765999999996
1516,20180413104935,830506.11,26371.59104765999999996
